Centroid,  Net_Area,   Net_Area,      Peak, FWHM,   FWHM,Reduced, ROI_Total,ROI, File,         ,     ,     , Nuclide, Photopeak_Energy, ROI_Lower_Energy, ROI_Upper_Energy, Color, User_Label, Continuum_Type, Skew_Type, Continuum_Coefficients, Skew_Coefficients
     keV,    Counts,Uncertainty,       CPS,  keV,Percent,Chi_Sqr,    Counts,ID#, Name, LiveTime, Date, Time,        ,              keV,              keV,              keV, (css),           ,               ,          ,                       ,                  
  244.12,  163436.4,  970.9    ,9.0798e+001,25.26, 10.35%,   0.96,  741955.9,  1,  ,1800.000,11-Feb-2026,11:32:57,Eu152,244.70,206.156,277.08,#c0c0c0,,Linear,NoSkew,206.156 8349.458 -5.428943,
  344.10,  690728.5,  1241.0   ,3.8374e+002,31.30,  9.10%,   1.05,  1820491.4,  2,  ,1800.000,11-Feb-2026,11:32:57,Eu152,344.28,292.259,490.881,#c0c0c0,,Quardratic,NoSkew,292.259 8006.55 -42.64628 0.108077,
  414.78,   44049.0,  802.3    ,2.4472e+001,31.43,  7.58%,   1.05,  1820491.4,  3,  ,1800.000,11-Feb-2026,11:32:57,Eu152,411.12,292.259,490.881,#c0c0c0,,Quardratic,NoSkew,292.259 8006.55 -42.64628 0.108077,
  443.99,   53883.2,  689.4    ,2.9935e+001,31.49,  7.09%,   1.05,  1820491.4,  4,  ,1800.000,11-Feb-2026,11:32:57,Eu152,443.96,292.259,490.881,#c0c0c0,,Quardratic,NoSkew,292.259 8006.55 -42.64628 0.108077,
  779.06,  191912.8,  889.4    ,1.0662e+002,51.96,  6.67%,   1.25,  970389.4,  5,  ,1800.000,11-Feb-2026,11:32:57,Eu152,778.90,712.491,1030.24,#c0c0c0,,Quardratic,NoSkew,712.491 2674.797 -6.731157 0.006517194,
  863.74,   46600.4,  784.7    ,2.5889e+001,52.11,  6.03%,   1.25,  970389.4,  6,  ,1800.000,11-Feb-2026,11:32:57,Eu152,867.38,712.491,1030.24,#c0c0c0,,Quardratic,NoSkew,712.491 2674.797 -6.731157 0.006517194,
  965.46,  151642.1,  746.0    ,8.4246e+001,52.29,  5.42%,   1.25,  970389.4,  7,  ,1800.000,11-Feb-2026,11:32:57,Eu152,964.08,712.491,1030.24,#C0C0C0,,Quardratic,NoSkew,712.491 2674.797 -6.731157 0.006517194,
